,open,high,low,close,will_r,ema,rsi,next_close
count,372149.0,372149.0,372149.0,372149.0,372149.0,372149.0,372149.0,372149.0
mean,1.2854803042867236,1.2855853411402423,1.2853756842017576,1.2854805010627461,-0.5010077911780598,1.2854804672522617,0.5000698084236274,1.2854805681057855
std,0.032703634764143584,0.03270430160210136,0.03270316675836001,0.03270365167646011,0.30209952204920343,0.03270342513021961,0.19418407677295724,0.032703695392063234
min,1.20448,1.20474,1.20414,1.2045,-1.0,1.2047034376207157,0.0,1.2045
25%,1.25818,1.25829,1.25807,1.25818,-0.7692307692309006,1.25817944576954,0.36000000000001786,1.25818
50%,1.2929700000000002,1.29306,1.29288,1.2929700000000002,-0.5,1.2929705039030506,0.5,1.2929700000000002
75%,1.31235,1.31247,1.31224,1.31235,-0.23232323232317345,1.3123520403948583,0.6397058823529196,1.31235
max,1.34844,1.34856,1.34839,1.34843,-0.0,1.3484095382438015,1.0,1.34843
