,open,high,low,close,will_r,ema,rsi,next_close,next_next_close,next_next_next_close
count,371621.0,371621.0,371621.0,371621.0,371621.0,371621.0,371621.0,371621.0,371621.0,371621.0
mean,1.1294905351688953,1.1295655840493408,1.1294147242217203,1.1294898866587197,-0.498645070506763,1.1294896880558658,0.5018423916188389,1.1294902848062942,1.1294906823080504,1.129491080536353
std,0.05105090557288951,0.05104990267871392,0.05105156064079824,0.05105104499495345,0.31337483813807476,0.051050984950691346,0.19359613057567923,0.051051018711545965,0.05105099129970244,0.051050964497690705
min,1.03443,1.03456,1.03406,1.03435,-1.0,1.034574942741819,0.0,1.03435,1.03435,1.03435
25%,1.07426,1.07434,1.07418,1.07425,-0.7826086956516702,1.0742545857344152,0.363636363636437,1.07425,1.07425,1.07426
50%,1.13606,1.13615,1.13597,1.13606,-0.5,1.1360665648687618,0.5,1.13606,1.13606,1.13606
75%,1.17834,1.17841,1.17828,1.17834,-0.2142857142858276,1.1783370067079328,0.64044943820225,1.17834,1.17834,1.17834
max,1.20906,1.2092,1.20884,1.20904,-0.0,1.2089832067288218,1.0,1.20904,1.20904,1.20904
