,open,high,low,close,will_r,ema,rsi,next_close,next_next_close,next_next_next_close
count,12953.0,12953.0,12953.0,12953.0,12953.0,12953.0,12953.0,12953.0,12953.0,12953.0
mean,1.1239876291206672,1.1247913873234,1.1232369095962327,1.1240009719756041,-0.5011454852133533,1.123995674940529,0.5049152173627135,1.124011500810623,1.1240221879101366,1.1240327978074576
std,0.0473809206207895,0.04738428333066885,0.04737452246495488,0.04738730825204376,0.290903079254452,0.0473775809897618,0.20016059555561286,0.04739554769515461,0.047403597117924995,0.047411718937615796
min,1.0355,1.037,1.034,1.0356,-1.0,1.0364379116265516,0.0,1.0356,1.0356,1.0356
25%,1.0883,1.089,1.0873,1.0882,-0.7600000000000213,1.0881875695541627,0.35849056603773266,1.0882,1.0882,1.0882
50%,1.119,1.1198,1.1183,1.119,-0.5,1.1190644769666085,0.5068493150684923,1.119,1.119,1.119
75%,1.164,1.1646,1.1633,1.164,-0.2407407407407209,1.1639885347180343,0.6543209876543314,1.164,1.164,1.164
max,1.25139,1.25369,1.25042,1.25141,-0.0,1.2508401434788452,1.0,1.25141,1.25141,1.25141
