,open,high,low,close,will_r,ema,rsi,next_close,next_next_close,next_next_next_close
count,372665.0,372665.0,372665.0,372665.0,372665.0,372665.0,372665.0,372665.0,372665.0,372665.0
mean,1.107109573182349,1.1071993007661034,1.1070196655441211,1.1071088785906913,-0.5026477838020174,1.1071089259988562,0.4999592238769984,1.1071087854507398,1.1071086947258266,1.1071086023908874
std,0.024842974062771833,0.024839379600540046,0.024847190127875694,0.02484327387312091,0.3159120797204044,0.02484296791199514,0.19574989028425666,0.024843415715967026,0.024843552236500987,0.024843692219309772
min,1.03525,1.03547,1.03522,1.03522,-1.0,1.035313340338124,0.0,1.03522,1.03522,1.03522
25%,1.09214,1.09224,1.09204,1.09214,-0.7916666666667053,1.0921385613825854,0.35937500000026024,1.09214,1.09214,1.09214
50%,1.11353,1.11361,1.11345,1.11353,-0.5000000000002414,1.113536437399823,0.5,1.11353,1.11353,1.11353
75%,1.12471,1.12478,1.12463,1.12471,-0.21428571428557264,1.1247016067452755,0.6400000000001066,1.12471,1.12471,1.12471
max,1.16144,1.1616,1.16077,1.16145,-0.0,1.161232774944459,1.0,1.16145,1.16145,1.16145
